{"info":{"_postman_id":"1af0d868-ccd7-4f4e-aea6-af6280ed6bb1","name":"hotelApp_SIT","schema":"https://schema.getpostman.com/json/collection/v2.1.0/collection.json"},"item":[{"name":"https://hotelapp-sit.tlcgroup-test-platform.com/api/reservations/a0m6D000000ZJbDQAW/allotReservationTable","_postman_id":"b1dfd7c9-b96d-4246-8050-509a6c8562bf","protocolProfileBehavior":{"disableBodyPruning":true},"request":{"method":"PUT","header":[{"key":"Accept","value":" application/json, text/plain, */*","type":"text"},{"key":"Accept-Encoding","value":" gzip, deflate, br","type":"text"},{"key":"Accept-Language","value":" en-GB,en-US;q=0.9,en;q=0.8","type":"text"},{"key":"appid","value":" com.tlcgroup.cm_h","type":"text"},{"key":"client_id","value":" HDRDGHTYUIKIOKSAAASS","type":"text"},{"key":"client_secret","value":" HDRDGHTYUIKIOKSAAASS","type":"text"},{"key":"Connection","value":" keep-alive","type":"text"},{"key":"Content-Type","value":" application/json","type":"text"},{"key":"Country","value":" IN","type":"text"},{"key":"Host","value":" hotelapp-sit.tlcgroup-test-platform.com","type":"text"},{"key":"Language","value":" en","type":"text"},{"key":"Origin","value":" http://localhost:8100","type":"text"},{"key":"program_id","value":" TLC_MAR_CLMA","type":"text"},{"key":"Referer","value":" http://localhost:8100/welcome-page","type":"text"},{"key":"Sec-Fetch-Dest","value":" empty","type":"text"},{"key":"Sec-Fetch-Mode","value":" cors","type":"text"},{"key":"Sec-Fetch-Site","value":" cross-site","type":"text"},{"key":"subProgramID","value":" clubMarriot","type":"text"},{"key":"timezone","value":" -330","type":"text"},{"key":"User-Agent","value":" Mozilla/5.0 (iPhone; CPU iPhone OS 13_2_3 like Mac OS X) AppleWebKit/605.1.15 (KHTML, like Gecko) Version/13.0.3 Mobile/15E148 Safari/604.1","type":"text"},{"key":"uuid","value":" rtyuiopoiuytqw","type":"text"},{"key":"csrftoken","value":"e44f1a86-b195-43da-8541-14fda8ff53b9","type":"text"},{"key":"SessionIDToken","value":"eyJhbGciOiJIUzI1NiIsInR5cCI6IkpXVCJ9.eyJkZXZpY2VVVUlEIjoicnR5dWlvcG9pdXl0cXciLCJtZW1iZXJfaWQiOiIxMTA4MTkiLCJwZXJtaXNzaW9ucyI6e30sImlhdCI6MTU4NzY0ODYyMiwiZXhwIjoxNTkwMjQwNjIyfQ.fnAY4kwmXo3dyHf_KwDVNpVKdrttA5Q_hJAwMhyIDok","type":"text"},{"key":"employeeID","value":"110819","type":"text"},{"key":"OutletId","value":"a0R6D000004uwbLUAQ","type":"text"}],"body":{"mode":"raw","raw":"{\r\n    \"reservationId\": \"a0m6D000000ZLzbQAG\",\r\n    \"employeeID\": 110819,\r\n    \"tableNo\": \"4\",\r\n    \"guestNames\": \"TLC2\",\r\n    \"checkTable\": true,\r\n    \"checkNumber\": \"800311\"\r\n}\r\n","options":{"raw":{"language":"json"}}},"url":{"raw":"https://hotelapp-sit.tlcgroup-test-platform.com/api/reservations/a0m6D000000ZJbDQAW/allotReservationTable","protocol":"https","host":["hotelapp-sit","tlcgroup-test-platform","com"],"path":["api","reservations","a0m6D000000ZJbDQAW","allotReservationTable"]}},"response":[]},{"name":"https://hotelapp-sit.tlcgroup-test-platform.com/api/account/login","_postman_id":"039e5df5-9199-400f-a613-41ae52c6355d","protocolProfileBehavior":{"disableBodyPruning":true},"request":{"method":"POST","header":[{"key":"Accept","value":" application/json, text/plain, */*","type":"text"},{"key":"Accept-Encoding","value":" gzip, deflate, br","type":"text"},{"key":"Accept-Language","value":" en-GB,en-US;q=0.9,en;q=0.8","type":"text"},{"key":"appid","value":" com.tlcgroup.cm_h","type":"text"},{"key":"client_id","value":" HDRDGHTYUIKIOKSAAASS","type":"text"},{"key":"client_secret","value":" HDRDGHTYUIKIOKSAAASS","type":"text"},{"key":"Connection","value":" keep-alive","type":"text"},{"key":"Content-Type","value":" application/json","type":"text"},{"key":"Country","value":" IN","type":"text"},{"key":"Language","value":" en","type":"text"},{"key":"Origin","value":" http://localhost:8100","type":"text"},{"key":"program_id","value":" TLC_MAR_CLMA","type":"text"},{"key":"Referer","value":" http://localhost:8100/welcome-page","type":"text"},{"key":"Sec-Fetch-Dest","value":" empty","type":"text"},{"key":"Sec-Fetch-Mode","value":" cors","type":"text"},{"key":"Sec-Fetch-Site","value":" cross-site","type":"text"},{"key":"subProgramID","value":" clubMarriot","type":"text"},{"key":"timezone","value":" -330","type":"text"},{"key":"User-Agent","value":" Mozilla/5.0 (iPhone; CPU iPhone OS 13_2_3 like Mac OS X) AppleWebKit/605.1.15 (KHTML, like Gecko) Version/13.0.3 Mobile/15E148 Safari/604.1","type":"text"},{"key":"uuid","value":"rtyuiopoiuytqw","type":"text"},{"key":"csrftoken","value":"91b6e5ee-1b3d-429f-a4f6-3c5d24dff8d2","type":"text"}],"body":{"mode":"raw","raw":"\r\n{\r\n   \"mobileNumber\": 917903662271,\r\n   \"password\": \"Test@123456\"\r\n}","options":{"raw":{"language":"json"}}},"url":{"raw":"https://hotelapp-sit.tlcgroup-test-platform.com/api/account/login","protocol":"https","host":["hotelapp-sit","tlcgroup-test-platform","com"],"path":["api","account","login"]}},"response":[]},{"name":"https://hotelapp-sit.tlcgroup-test-platform.com/api/program/anonymouskey","_postman_id":"b80b3b82-7402-4e7a-be7d-33d02d24e0d7","protocolProfileBehavior":{"disableBodyPruning":true},"request":{"method":"GET","header":[{"key":"Accept","value":" application/json, text/plain, */*","type":"text"},{"key":"Accept-Encoding","value":" gzip, deflate, br","type":"text"},{"key":"Accept-Language","value":" en-GB,en-US;q=0.9,en;q=0.8","type":"text"},{"key":"client_id","value":" HDRDGHTYUIKIOKSAAASS","type":"text"},{"key":"client_secret","value":" HDRDGHTYUIKIOKSAAASS","type":"text"},{"key":"Connection","value":" keep-alive","type":"text"},{"key":"Content-Type","value":" application/json","type":"text"},{"key":"Country","value":" IN","type":"text"},{"key":"Language","value":" en","type":"text"},{"key":"Origin","value":" http://localhost:8100","type":"text"},{"key":"appid","value":" com.tlcgroup.cm_h","type":"text"},{"key":"program_id","value":" TLC_MAR_CLMA","type":"text"},{"key":"Referer","value":" http://localhost:8100/welcome-page","type":"text"},{"key":"Sec-Fetch-Dest","value":" empty","type":"text"},{"key":"Sec-Fetch-Mode","value":" cors","type":"text"},{"key":"Sec-Fetch-Site","value":" cross-site","type":"text"},{"key":"subProgramID","value":" clubMarriot","type":"text"},{"key":"timezone","value":" -330","type":"text"},{"key":"User-Agent","value":" Mozilla/5.0 (iPhone; CPU iPhone OS 13_2_3 like Mac OS X) AppleWebKit/605.1.15 (KHTML, like Gecko) Version/13.0.3 Mobile/15E148 Safari/604.1","type":"text"},{"key":"uuid","value":" rtyuiopoiuytqw","type":"text"}],"url":{"raw":"https://hotelapp-sit.tlcgroup-test-platform.com/api/program/anonymouskey","protocol":"https","host":["hotelapp-sit","tlcgroup-test-platform","com"],"path":["api","program","anonymouskey"]}},"response":[]},{"name":"https://hotelapp-sit.tlcgroup-test-platform.com/api/topspenders","_postman_id":"7259bf91-c9d1-49bf-a301-449124c640e1","protocolProfileBehavior":{"disableBodyPruning":true},"request":{"method":"GET","header":[{"key":"Accept","value":" application/json, text/plain, */*","type":"text"},{"key":"Accept-Encoding","value":" gzip, deflate, br","type":"text"},{"key":"Accept-Language","value":" en-GB,en-US;q=0.9,en;q=0.8","type":"text"},{"key":"appid","value":" com.tlcgroup.cm_h","type":"text"},{"key":"client_id","value":" HDRDGHTYUIKIOKSAAASS","type":"text"},{"key":"client_secret","value":" HDRDGHTYUIKIOKSAAASS","type":"text"},{"key":"Connection","value":" keep-alive","type":"text"},{"key":"Content-Type","value":" application/json","type":"text"},{"key":"Country","value":" IN","type":"text"},{"key":"Language","value":" en","type":"text"},{"key":"Origin","value":" http://localhost:8100","type":"text"},{"key":"program_id","value":" TLC_MAR_CLMA","type":"text"},{"key":"Referer","value":" http://localhost:8100/welcome-page","type":"text"},{"key":"Sec-Fetch-Dest","value":" empty","type":"text"},{"key":"Sec-Fetch-Mode","value":" cors","type":"text"},{"key":"Sec-Fetch-Site","value":" cross-site","type":"text"},{"key":"subProgramID","value":" clubMarriot","type":"text"},{"key":"timezone","value":" -330","type":"text"},{"key":"User-Agent","value":" Mozilla/5.0 (iPhone; CPU iPhone OS 13_2_3 like Mac OS X) AppleWebKit/605.1.15 (KHTML, like Gecko) Version/13.0.3 Mobile/15E148 Safari/604.1","type":"text"},{"key":"uuid","value":" rtyuiopoiuytqw","type":"text"},{"key":"csrftoken","value":"b4e195b9-4327-4230-a6ab-d7299f7c080f","type":"text"},{"key":"SessionIDToken","value":"eyJhbGciOiJIUzI1NiIsInR5cCI6IkpXVCJ9.eyJkZXZpY2VVVUlEIjoicnR5dWlvcG9pdXl0cXciLCJtZW1iZXJfaWQiOiIxMTQzNTQiLCJwZXJtaXNzaW9ucyI6e30sImlhdCI6MTU4ODk0MjE2NCwiZXhwIjoxNTkxNTM0MTY0fQ.s2tsq3Kd0jGLc8wifGrig7kJrBmCtjDEMVn3NUzZokM","type":"text"},{"key":"employeeID","value":"114354","type":"text"},{"key":"OutletId","value":"a0L0T000000CcSIUA0","type":"text"}],"url":{"raw":"https://hotelapp-sit.tlcgroup-test-platform.com/api/topspenders","protocol":"https","host":["hotelapp-sit","tlcgroup-test-platform","com"],"path":["api","topspenders"]}},"response":[]},{"name":"https://hotelapp-sit.tlcgroup-test-platform.com/api/account/sendOTP","_postman_id":"099f276f-44f0-411b-83ed-98bd3109af41","protocolProfileBehavior":{"disableBodyPruning":true},"request":{"method":"POST","header":[{"key":"Accept","value":" application/json, text/plain, */*","type":"text"},{"key":"Accept-Encoding","value":" gzip, deflate, br","type":"text"},{"key":"Accept-Language","value":" en-GB,en-US;q=0.9,en;q=0.8","type":"text"},{"key":"appid","value":" com.tlcgroup.cm_h","type":"text"},{"key":"client_id","value":" HDRDGHTYUIKIOKSAAASS","type":"text"},{"key":"client_secret","value":" HDRDGHTYUIKIOKSAAASS","type":"text"},{"key":"Connection","value":" keep-alive","type":"text"},{"key":"Content-Type","value":" application/json","type":"text"},{"key":"Country","value":" IN","type":"text"},{"key":"Language","value":" en","type":"text"},{"key":"Origin","value":" http://localhost:8100","type":"text"},{"key":"program_id","value":" TLC_MAR_CLMA","type":"text"},{"key":"Referer","value":" http://localhost:8100/welcome-page","type":"text"},{"key":"Sec-Fetch-Dest","value":" empty","type":"text"},{"key":"Sec-Fetch-Mode","value":" cors","type":"text"},{"key":"Sec-Fetch-Site","value":" cross-site","type":"text"},{"key":"subProgramID","value":" clubMarriot","type":"text"},{"key":"timezone","value":" -330","type":"text"},{"key":"User-Agent","value":" Mozilla/5.0 (iPhone; CPU iPhone OS 13_2_3 like Mac OS X) AppleWebKit/605.1.15 (KHTML, like Gecko) Version/13.0.3 Mobile/15E148 Safari/604.1","type":"text"},{"key":"uuid","value":" rtyuiopoiuytqw","type":"text"},{"key":"csrftoken","value":"c18d4ece-9b18-49b2-b35f-d7752aaa1154","type":"text"},{"key":"SessionIDToken","value":"eyJhbGciOiJIUzI1NiIsInR5cCI6IkpXVCJ9.eyJkZXZpY2VVVUlEIjoicnR5dWlvcG9pdXl0cXciLCJtZW1iZXJfaWQiOiIxMTQzNTQiLCJwZXJtaXNzaW9ucyI6e30sImlhdCI6MTU4ODkzNzA0NCwiZXhwIjoxNTkxNTI5MDQ0fQ.ZZ2CxrS5aKjIGO66hvzVitCFGQ3cJDwRyv9dXWczUI4","type":"text"},{"key":"employeeID","value":"114354","type":"text"},{"key":"OutletId","value":"a0R6D000004uwbLUAQ","type":"text"}],"body":{"mode":"raw","raw":"\r\n{\r\n \"accountSfId\": \"0016D00000LrHbmQAF\",\r\n \"channel\":[\r\n   \"Email\"]\r\n}","options":{"raw":{"language":"json"}}},"url":{"raw":"https://hotelapp-sit.tlcgroup-test-platform.com/api/account/sendOTP","protocol":"https","host":["hotelapp-sit","tlcgroup-test-platform","com"],"path":["api","account","sendOTP"]}},"response":[]},{"name":"https://hotelapp-sit.tlcgroup-test-platform.com/api/members/114323","_postman_id":"527c617d-440c-4f97-9fdf-7a66f7122f96","protocolProfileBehavior":{"disableBodyPruning":true},"request":{"method":"GET","header":[{"key":"Accept","value":" application/json, text/plain, */*","type":"text"},{"key":"Accept-Encoding","value":" gzip, deflate, br","type":"text"},{"key":"Accept-Language","value":" en-GB,en-US;q=0.9,en;q=0.8","type":"text"},{"key":"appid","value":" com.tlcgroup.cm_h","type":"text"},{"key":"client_id","value":" HDRDGHTYUIKIOKSAAASS","type":"text"},{"key":"client_secret","value":" HDRDGHTYUIKIOKSAAASS","type":"text"},{"key":"Connection","value":" keep-alive","type":"text"},{"key":"Content-Type","value":" application/json","type":"text"},{"key":"Country","value":" IN","type":"text"},{"key":"Host","value":" hotelapp-sit.tlcgroup-test-platform.com","type":"text"},{"key":"Language","value":" en","type":"text"},{"key":"Origin","value":" http://localhost:8100","type":"text"},{"key":"program_id","value":" TLC_MAR_CLMA","type":"text"},{"key":"Referer","value":" http://localhost:8100/welcome-page","type":"text"},{"key":"Sec-Fetch-Dest","value":" empty","type":"text"},{"key":"Sec-Fetch-Mode","value":" cors","type":"text"},{"key":"Sec-Fetch-Site","value":" cross-site","type":"text"},{"key":"subProgramID","value":" clubMarriot","type":"text"},{"key":"timezone","value":" -330","type":"text"},{"key":"User-Agent","value":" Mozilla/5.0 (iPhone; CPU iPhone OS 13_2_3 like Mac OS X) AppleWebKit/605.1.15 (KHTML, like Gecko) Version/13.0.3 Mobile/15E148 Safari/604.1","type":"text"},{"key":"uuid","value":" rtyuiopoiuytqw","type":"text"},{"key":"csrftoken","value":"2d077e0d-4204-4099-ab2d-473559716621","type":"text"},{"key":"SessionIDToken","value":"eyJhbGciOiJIUzI1NiIsInR5cCI6IkpXVCJ9.eyJkZXZpY2VVVUlEIjoicnR5dWlvcG9pdXl0cXciLCJtZW1iZXJfaWQiOiIxMTQzNTQiLCJwZXJtaXNzaW9ucyI6e30sImlhdCI6MTU4ODk0MjE2NCwiZXhwIjoxNTkxNTM0MTY0fQ.s2tsq3Kd0jGLc8wifGrig7kJrBmCtjDEMVn3NUzZokM","type":"text"},{"key":"employeeID","value":"114354","type":"text"},{"key":"OutletId","value":"a0R6D000004uwbMUAQ","type":"text"}],"url":{"raw":"https://hotelapp-sit.tlcgroup-test-platform.com/api/members/114323","protocol":"https","host":["hotelapp-sit","tlcgroup-test-platform","com"],"path":["api","members","114323"]}},"response":[]},{"name":"https://hotelapp-sit.tlcgroup-test-platform.com/api/account/sendOTP","_postman_id":"e0cc335c-7137-45a7-bc1e-b049ab42da00","protocolProfileBehavior":{"disableBodyPruning":true},"request":{"method":"POST","header":[{"key":"Accept","value":" application/json, text/plain, */*","type":"text"},{"key":"Accept-Encoding","value":" gzip, deflate, br","type":"text"},{"key":"Accept-Language","value":" en-GB,en-US;q=0.9,en;q=0.8","type":"text"},{"key":"appid","value":" com.tlcgroup.cm_h","type":"text"},{"key":"client_id","value":" HDRDGHTYUIKIOKSAAASS","type":"text"},{"key":"client_secret","value":" HDRDGHTYUIKIOKSAAASS","type":"text"},{"key":"Connection","value":" keep-alive","type":"text"},{"key":"Content-Type","value":" application/json","type":"text"},{"key":"Country","value":" IN","type":"text"},{"key":"Host","value":" hotelapp-sit.tlcgroup-test-platform.com","type":"text"},{"key":"Language","value":" en","type":"text"},{"key":"Origin","value":" http://localhost:8100","type":"text"},{"key":"program_id","value":" TLC_MAR_CLMA","type":"text"},{"key":"Referer","value":" http://localhost:8100/welcome-page","type":"text"},{"key":"Sec-Fetch-Dest","value":" empty","type":"text"},{"key":"Sec-Fetch-Mode","value":" cors","type":"text"},{"key":"Sec-Fetch-Site","value":" cross-site","type":"text"},{"key":"subProgramID","value":" clubMarriot","type":"text"},{"key":"timezone","value":" -330","type":"text"},{"key":"User-Agent","value":" Mozilla/5.0 (iPhone; CPU iPhone OS 13_2_3 like Mac OS X) AppleWebKit/605.1.15 (KHTML, like Gecko) Version/13.0.3 Mobile/15E148 Safari/604.1","type":"text"},{"key":"uuid","value":" rtyuiopoiuytqw","type":"text"},{"key":"csrftoken","value":"334de76a-8ee5-433b-83da-4b8bea64beb8","type":"text"},{"key":"SessionIDToken","value":"eyJhbGciOiJIUzI1NiIsInR5cCI6IkpXVCJ9.eyJkZXZpY2VVVUlEIjoicnR5dWlvcG9pdXl0cXciLCJtZW1iZXJfaWQiOiIxMTQzNzUiLCJwZXJtaXNzaW9ucyI6e30sImlhdCI6MTU4OTE3ODQ1NywiZXhwIjoxNTkxNzcwNDU3fQ.sWKpamI8WPVyNi-W5I0QI89M1rg5pvS54e3NUGWFu5g","type":"text"},{"key":"employeeID","value":"114354","type":"text"},{"key":"OutletId","value":"a0R6D000004uwbLUAQ","type":"text"}],"body":{"mode":"raw","raw":"{\r\n   \"mobile\":917903662271,\r\n   \"otpFor\": \"verifyMobile\",\r\n   \"transactionType\":\"verifyMobile\"\r\n}\r\n","options":{"raw":{"language":"json"}}},"url":{"raw":"https://hotelapp-sit.tlcgroup-test-platform.com/api/sendOTP","protocol":"https","host":["hotelapp-sit","tlcgroup-test-platform","com"],"path":["api","sendOTP"]}},"response":[]},{"name":"https://hotelapp-sit.tlcgroup-test-platform.com/api/members/resetPassword","_postman_id":"8dd22ef7-bb0f-400e-9878-4ff46c98ed6b","protocolProfileBehavior":{"disableBodyPruning":true},"request":{"method":"POST","header":[{"key":"Accept","value":" application/json, text/plain, */*","type":"text"},{"key":"Accept-Encoding","value":" gzip, deflate, br","type":"text"},{"key":"Accept-Language","value":" en-GB,en-US;q=0.9,en;q=0.8","type":"text"},{"key":"appid","value":" com.tlcgroup.cm_h","type":"text"},{"key":"client_id","value":" HDRDGHTYUIKIOKSAAASS","type":"text"},{"key":"client_secret","value":" HDRDGHTYUIKIOKSAAASS","type":"text"},{"key":"Connection","value":" keep-alive","type":"text"},{"key":"Content-Type","value":" application/json","type":"text"},{"key":"Country","value":" IN","type":"text"},{"key":"Host","value":" hotelapp-sit.tlcgroup-test-platform.com","type":"text"},{"key":"Language","value":" en","type":"text"},{"key":"Origin","value":" http://localhost:8100","type":"text"},{"key":"program_id","value":" TLC_MAR_CLMA","type":"text"},{"key":"Referer","value":" http://localhost:8100/welcome-page","type":"text"},{"key":"Sec-Fetch-Dest","value":" empty","type":"text"},{"key":"Sec-Fetch-Mode","value":" cors","type":"text"},{"key":"Sec-Fetch-Site","value":" cross-site","type":"text"},{"key":"subProgramID","value":" clubMarriot","type":"text"},{"key":"timezone","value":" -330","type":"text"},{"key":"User-Agent","value":" Mozilla/5.0 (iPhone; CPU iPhone OS 13_2_3 like Mac OS X) AppleWebKit/605.1.15 (KHTML, like Gecko) Version/13.0.3 Mobile/15E148 Safari/604.1","type":"text"},{"key":"uuid","value":" rtyuiopoiuytqw","type":"text"},{"key":"csrftoken","value":"bced7eae-db30-451e-a08d-65a5f05ed76b","type":"text"},{"key":"SessionIDToken","value":"eyJhbGciOiJIUzI1NiIsInR5cCI6IkpXVCJ9.eyJkZXZpY2VVVUlEIjoicnR5dWlvcG9pdXl0cXciLCJtZW1iZXJfaWQiOiIxMTQzNzUiLCJwZXJtaXNzaW9ucyI6e30sImlhdCI6MTU4OTE3ODQ1NywiZXhwIjoxNTkxNzcwNDU3fQ.sWKpamI8WPVyNi-W5I0QI89M1rg5pvS54e3NUGWFu5g","type":"text"},{"key":"employeeID","value":"114354","type":"text"},{"key":"OutletId","value":"a0R6D000004uwbLUAQ","type":"text"}],"body":{"mode":"raw","raw":"{\r\n    \"newPassword\": \"Test@123456\",\r\n    \"email\": \"nikhil.chaubey@tlcgroup.com\",\r\n    \"mobile\": 917903662271,\r\n    \"emailOtp\":4336,\r\n    \"emailOtpTransactionId\":\"158918499910810015597\",\r\n    \"mobileOtp\": 1986,\r\n    \"mobileOtpTransactionId\": \"158918521698310015598\"\r\n}\r\n","options":{"raw":{"language":"json"}}},"url":{"raw":"https://hotelapp-sit.tlcgroup-test-platform.com/api/members/resetPassword","protocol":"https","host":["hotelapp-sit","tlcgroup-test-platform","com"],"path":["api","members","resetPassword"]}},"response":[]},{"name":"https://hotelapp-sit.tlcgroup-test-platform.com/api/sendreport","_postman_id":"ab7d1af0-3931-4e9c-8337-8e40fc548b5c","protocolProfileBehavior":{"disableBodyPruning":true},"request":{"method":"POST","header":[{"key":"client_id","value":"HDRDGHTYUIKIOKSAAASS","type":"text"},{"key":"client_secret","value":"HDRDGHTYUIKIOKSAAASS","type":"text"},{"key":"SessionIDToken","value":"eyJhbGciOiJIUzI1NiIsInR5cCI6IkpXVCJ9.eyJkZXZpY2VVVUlEIjoicnR5dWlvcG9pdXl0cXciLCJtZW1iZXJfaWQiOiIxMTQzOTkiLCJwZXJtaXNzaW9ucyI6e30sImlhdCI6MTU4OTgwMTkwMywiZXhwIjoxNTkyMzkzOTAzfQ.AGNi-yMV3na_9JwTBoyrEg8b9GSt5BAydEriYwXy9G4","type":"text"},{"key":"AppID","value":"com.tlcgroup.cm_h","type":"text"},{"key":"employeeID","value":"114399","type":"text"},{"key":"UUID","value":"rtyuiopoiuytqw","type":"text"},{"key":"program_id","value":"TLC_MAR_CLMA","type":"text"},{"key":"Country","value":"India","type":"text"},{"key":"Content-Type","value":"application/json","type":"text"},{"key":"outletID","value":"a0R6D000004uwbLUAQ","type":"text"},{"key":"csrftoken","value":"facbf8b5-ead5-4298-b499-8fc562f89215","type":"text"}],"body":{"mode":"raw","raw":"{\n\t\"startDate\":\"2020-05-11\",\n\t\"endDate\": \"2020-09-14\",\n\t\"reportType\":\"\"\n}\n","options":{"raw":{}}},"url":{"raw":"https://hotelapp-sit.tlcgroup-test-platform.com/api/sendreport","protocol":"https","host":["hotelapp-sit","tlcgroup-test-platform","com"],"path":["api","sendreport"]}},"response":[]},{"name":"https://hotelapp-sit.tlcgroup-test-platform.com/api/feedbackResponse","_postman_id":"0f637d6f-1c78-4ea1-90e8-43505cf81929","protocolProfileBehavior":{"disableBodyPruning":true},"request":{"method":"POST","header":[{"key":"appid","value":"com.tlcgroup.cm_h","type":"text"},{"key":"client_id","value":"HDRDGHTYUIKIOKSAAASS","type":"text"},{"key":"client_secret","value":"HDRDGHTYUIKIOKSAAASS","type":"text"},{"key":"Content-Type","value":"application/json","type":"text"},{"key":"program_id","value":"TLC_MAR_CLMA","type":"text"},{"key":"uuid","value":"rtyuiopoiuytqw","type":"text"},{"key":"csrftoken","value":"6f1ac8fc-7d76-4e1b-86d6-073f7814d0aa","type":"text"},{"key":"SessionIDToken","value":"eyJhbGciOiJIUzI1NiIsInR5cCI6IkpXVCJ9.eyJkZXZpY2VVVUlEIjoicnR5dWlvcG9pdXl0cXciLCJtZW1iZXJfaWQiOiIxMTQzOTkiLCJwZXJtaXNzaW9ucyI6e30sImlhdCI6MTU4OTk3MjAwMiwiZXhwIjoxNTkyNTY0MDAyfQ.E_j9wPQC0KcUQ_A0G6iPhueC1KY7D_7eWh7ihpi6RAQ","type":"text"},{"key":"employeeID","value":"114399","type":"text"}],"body":{"mode":"raw","raw":"{\r\n    \"responseMessage\": \"Thanks please re visit again\",\r\n    \"membershipNumber\": \"103162630\",\r\n    \"feedbackID\": \"a0A6D000002RAyhUAG\"\r\n}\r\n","options":{"raw":{"language":"json"}}},"url":{"raw":"https://hotelapp-sit.tlcgroup-test-platform.com/api/feedbackResponse","protocol":"https","host":["hotelapp-sit","tlcgroup-test-platform","com"],"path":["api","feedbackResponse"]}},"response":[]},{"name":"https://hotelapp-sit.tlcgroup-test-platform.com/api/settleCheque","_postman_id":"f7af8993-d930-4f0b-9abd-0f7b782e8b04","protocolProfileBehavior":{"disableBodyPruning":true},"request":{"method":"POST","header":[{"key":"Accept","value":" application/json, text/plain, */*","type":"text"},{"key":"Accept-Encoding","value":" gzip, deflate, br","type":"text"},{"key":"Accept-Language","value":" en-GB,en-US;q=0.9,en;q=0.8","type":"text"},{"key":"appid","value":" com.tlcgroup.cm_h","type":"text"},{"key":"client_id","value":" HDRDGHTYUIKIOKSAAASS","type":"text"},{"key":"client_secret","value":" HDRDGHTYUIKIOKSAAASS","type":"text"},{"key":"Connection","value":" keep-alive","type":"text"},{"key":"Content-Type","value":" application/json","type":"text"},{"key":"Country","value":" IN","type":"text"},{"key":"Language","value":" en","type":"text"},{"key":"Origin","value":" http://localhost:8100","type":"text"},{"key":"program_id","value":" TLC_MAR_CLMA","type":"text"},{"key":"Referer","value":" http://localhost:8100/welcome-page","type":"text"},{"key":"Sec-Fetch-Dest","value":" empty","type":"text"},{"key":"Sec-Fetch-Mode","value":" cors","type":"text"},{"key":"Sec-Fetch-Site","value":" cross-site","type":"text"},{"key":"subProgramID","value":" clubMarriot","type":"text"},{"key":"timezone","value":" -330","type":"text"},{"key":"User-Agent","value":" Mozilla/5.0 (iPhone; CPU iPhone OS 13_2_3 like Mac OS X) AppleWebKit/605.1.15 (KHTML, like Gecko) Version/13.0.3 Mobile/15E148 Safari/604.1","type":"text"},{"key":"uuid","value":" rtyuiopoiuytqw","type":"text"},{"key":"csrftoken","value":"26560393-eb3c-4859-8260-254675b71191","type":"text"},{"key":"SessionIDToken","value":"eyJhbGciOiJIUzI1NiIsInR5cCI6IkpXVCJ9.eyJkZXZpY2VVVUlEIjoicnR5dWlvcG9pdXl0cXciLCJtZW1iZXJfaWQiOiIxMTQzOTkiLCJwZXJtaXNzaW9ucyI6e30sImlhdCI6MTU4OTg3MzY1NCwiZXhwIjoxNTkyNDY1NjU0fQ.6S5HGcOG6_qQnEdNT1hAZHcQ815DhTnXC0RykdJcItE","type":"text"},{"key":"employeeID","value":"114399","type":"text"}],"body":{"mode":"raw","raw":"{\r\n    \"reservationID\": \"a0m6D000000ZVuwQAG\",\r\n    \"employeeId\": \"114399\",\r\n    \"membershipNumber\": \"103162630\"\r\n}\r\n","options":{"raw":{"language":"json"}}},"url":{"raw":"https://hotelapp-sit.tlcgroup-test-platform.com/api/settleCheque","protocol":"https","host":["hotelapp-sit","tlcgroup-test-platform","com"],"path":["api","settleCheque"]}},"response":[]},{"name":"https://hotelapp-sit.tlcgroup-test-platform.com/api/redeem/redeemWithQR?outetsfid=a0R6D000004uwbMUAQ","_postman_id":"233db3d1-a08a-4d56-96fe-467172e44626","protocolProfileBehavior":{"disableBodyPruning":true},"request":{"method":"POST","header":[{"key":"Accept","value":" application/json, text/plain, */*","type":"text"},{"key":"Accept-Encoding","value":" gzip, deflate, br","type":"text"},{"key":"Accept-Language","value":" en-GB,en-US;q=0.9,en;q=0.8","type":"text"},{"key":"appid","value":" com.tlcgroup.cm_h","type":"text"},{"key":"client_id","value":" HDRDGHTYUIKIOKSAAASS","type":"text"},{"key":"client_secret","value":" HDRDGHTYUIKIOKSAAASS","type":"text"},{"key":"Connection","value":" keep-alive","type":"text"},{"key":"Content-Type","value":" application/json","type":"text"},{"key":"Country","value":" IN","type":"text"},{"key":"Language","value":" en","type":"text"},{"key":"Origin","value":" http://localhost:8100","type":"text"},{"key":"program_id","value":" TLC_MAR_CLMA","type":"text"},{"key":"Referer","value":" http://localhost:8100/welcome-page","type":"text"},{"key":"Sec-Fetch-Dest","value":" empty","type":"text"},{"key":"Sec-Fetch-Mode","value":" cors","type":"text"},{"key":"Sec-Fetch-Site","value":" cross-site","type":"text"},{"key":"subProgramID","value":" clubMarriot","type":"text"},{"key":"timezone","value":" -330","type":"text"},{"key":"User-Agent","value":" Mozilla/5.0 (iPhone; CPU iPhone OS 13_2_3 like Mac OS X) AppleWebKit/605.1.15 (KHTML, like Gecko) Version/13.0.3 Mobile/15E148 Safari/604.1","type":"text"},{"key":"uuid","value":" rtyuiopoiuytqw","type":"text"},{"key":"csrftoken","value":"26560393-eb3c-4859-8260-254675b71191","type":"text"},{"key":"SessionIDToken","value":"eyJhbGciOiJIUzI1NiIsInR5cCI6IkpXVCJ9.eyJkZXZpY2VVVUlEIjoicnR5dWlvcG9pdXl0cXciLCJtZW1iZXJfaWQiOiIxMTQzOTkiLCJwZXJtaXNzaW9ucyI6e30sImlhdCI6MTU4OTg3MzY1NCwiZXhwIjoxNTkyNDY1NjU0fQ.6S5HGcOG6_qQnEdNT1hAZHcQ815DhTnXC0RykdJcItE","type":"text"},{"key":"employeeID","value":"114399","type":"text"}],"body":{"mode":"raw","raw":"{\r\n    \"membershipNumber\": 103162630,\r\n    \"benefitId\": \"100146991\",\r\n    \"reservationId\":\"1824606637\"\r\n}\r\n\r\n","options":{"raw":{"language":"json"}}},"url":{"raw":"https://hotelapp-sit.tlcgroup-test-platform.com/api/redeem/redeemWithQR?outetsfid=a0R6D000004uwbMUAQ","protocol":"https","host":["hotelapp-sit","tlcgroup-test-platform","com"],"path":["api","redeem","redeemWithQR"],"query":[{"key":"outetsfid","value":"a0R6D000004uwbMUAQ"}]}},"response":[]},{"name":"https://hotelapp-sit.tlcgroup-test-platform.com/api/outlet/a0R6D000004uwbMUAQ/misreports?mistype=MTD","_postman_id":"f12e7a2d-9892-4104-8db4-949e7c093fab","protocolProfileBehavior":{"disableBodyPruning":true},"request":{"method":"GET","header":[{"key":"client_secret","value":"HDRDGHTYUIKIOKSAAASS","type":"text"},{"key":"client_id","value":"HDRDGHTYUIKIOKSAAASS","type":"text"},{"key":"program_id","value":"TLC_MAR_CLMA","type":"text"},{"key":"AppID","value":"com.tlcgroup.cm_h","type":"text"},{"key":"uuid","value":"rtyuiopoiuytqw","type":"text"},{"key":"csrftoken","value":"1855da53-f5fc-4ee6-88eb-57e3718574eb","type":"text"},{"key":"Language","value":"hi","type":"text"},{"key":"employeeID","value":"114399","type":"text"},{"key":"SessionIDToken","value":"eyJhbGciOiJIUzI1NiIsInR5cCI6IkpXVCJ9.eyJkZXZpY2VVVUlEIjoicnR5dWlvcG9pdXl0cXciLCJtZW1iZXJfaWQiOiIxMTQzOTkiLCJwZXJtaXNzaW9ucyI6e30sImlhdCI6MTU5MDU4NjYyNiwiZXhwIjoxNTkzMTc4NjI2fQ._Q2p-JzhvChTVmHERUS1qgwFZ4NCTE4MykMl1Bf3SIk","type":"text"},{"key":"OutletID","value":"a0R6D000004uwbMUAQ","type":"text"},{"key":"Content-Type","value":"application/json","type":"text"}],"url":{"raw":"https://hotelapp-sit.tlcgroup-test-platform.com/api/outlet/a0R6D000004uwbMUAQ/misreports?mistype=MTD","protocol":"https","host":["hotelapp-sit","tlcgroup-test-platform","com"],"path":["api","outlet","a0R6D000004uwbMUAQ","misreports"],"query":[{"key":"mistype","value":"MTD"}]}},"response":[]}]}