{"info":{"_postman_id":"415b342c-6f43-4f6a-bff9-f41c02fcc45f","name":"hoteApp_UAT","schema":"https://schema.getpostman.com/json/collection/v2.1.0/collection.json"},"item":[{"name":"https://uat-x-tlc-hotel-api.sg-s1.cloudhub.io/api/program/anonymouskey","_postman_id":"24be018b-52b5-4b81-adbb-b6354d891ee3","protocolProfileBehavior":{"disableBodyPruning":true},"request":{"method":"GET","header":[{"key":"client_id","value":"HDRDGHTYUIKIOKSAAASS","type":"text"},{"key":"client_secret","value":"HDRDGHTYUIKIOKSAAASS","type":"text"},{"key":"program_id","value":"TLC_MAR_CLMA","type":"text"},{"key":"AppID","value":"com.tlcgroup.cm_h","type":"text"},{"key":"UUID","value":"WW12345678","type":"text"},{"key":"csrftoken","value":"23973344-de62-4670-b3af-35c7b0a4f6bf","type":"text"},{"key":"Content-Type","value":"application/json'","type":"text"}],"url":{"raw":"https://uat-x-tlc-hotel-api.sg-s1.cloudhub.io/api/program/anonymouskey","protocol":"https","host":["uat-x-tlc-hotel-api","sg-s1","cloudhub","io"],"path":["api","program","anonymouskey"]}},"response":[]},{"name":"https://uat-x-tlc-hotel-api.sg-s1.cloudhub.io/api/account/login","_postman_id":"220d62ac-b767-47d9-a80f-7d4acd63365d","protocolProfileBehavior":{"disableBodyPruning":true},"request":{"method":"POST","header":[{"key":"appid","value":"com.tlcgroup.cm_h","type":"text"},{"key":"client_id","value":"HDRDGHTYUIKIOKSAAASS","type":"text"},{"key":"client_secret","value":"HDRDGHTYUIKIOKSAAASS","type":"text"},{"key":"Connection","value":" keep-alive","type":"text"},{"key":"Content-Type","value":" application/json","type":"text"},{"key":"Country","value":" IN","type":"text"},{"key":"Language","value":" en","type":"text"},{"key":"program_id","value":" TLC_MAR_CLMA","type":"text"},{"key":"Sec-Fetch-Dest","value":" empty","type":"text"},{"key":"Sec-Fetch-Mode","value":" cors","type":"text"},{"key":"Sec-Fetch-Site","value":" cross-site","type":"text"},{"key":"subProgramID","value":" clubMarriot","type":"text"},{"key":"timezone","value":" -330","type":"text"},{"key":"uuid","value":"WW12345678","type":"text"},{"key":"csrftoken","value":"7a04175d-7309-416a-8609-7f26eefc8087","type":"text"}],"body":{"mode":"raw","raw":"{\r\n   \"emailID\": \"nishu.nagia@gmail.com\",\r\n   \"password\": \"Nishu@1234\"\r\n}\r\n","options":{"raw":{"language":"json"}}},"url":{"raw":"https://uat-x-tlc-hotel-api.sg-s1.cloudhub.io/api/account/login","protocol":"https","host":["uat-x-tlc-hotel-api","sg-s1","cloudhub","io"],"path":["api","account","login"]}},"response":[]},{"name":"https://uat-x-tlc-hotel-api.sg-s1.cloudhub.io/api/reservations/a0x0T0000005XorQAE","_postman_id":"49f55e32-cca9-47ef-ba09-a2c646c33409","protocolProfileBehavior":{"disableBodyPruning":true},"request":{"method":"GET","header":[{"key":"Accept","value":" application/json, text/plain, */*","type":"text"},{"key":"Accept-Encoding","value":" gzip, deflate, br","type":"text"},{"key":"Accept-Language","value":" en-GB,en-US;q=0.9,en;q=0.8","type":"text"},{"key":"appid","value":" com.tlcgroup.cm_h","type":"text"},{"key":"client_id","value":"HDRDGHTYUIKIOKSAAASS","type":"text"},{"key":"client_secret","value":"HDRDGHTYUIKIOKSAAASS","type":"text"},{"key":"Connection","value":" keep-alive","type":"text"},{"key":"Content-Type","value":" application/json","type":"text"},{"key":"Country","value":" IN","type":"text"},{"key":"Language","value":" en","type":"text"},{"key":"Origin","value":" http://localhost:8100","type":"text"},{"key":"program_id","value":" TLC_MAR_CLMA","type":"text"},{"key":"Referer","value":" http://localhost:8100/welcome-page","type":"text"},{"key":"Sec-Fetch-Dest","value":" empty","type":"text"},{"key":"Sec-Fetch-Mode","value":" cors","type":"text"},{"key":"Sec-Fetch-Site","value":" cross-site","type":"text"},{"key":"subProgramID","value":" clubMarriot","type":"text"},{"key":"employeeID","value":"108503","type":"text"},{"key":"timezone","value":" -330","type":"text"},{"key":"uuid","value":"WW12345678","type":"text"},{"key":"csrftoken","value":"072963dc-d400-4919-9b76-1e8df552befa","type":"text"},{"key":"SessionIDToken","value":"eyJhbGciOiJIUzI1NiIsInR5cCI6IkpXVCJ9.eyJkZXZpY2VVVUlEIjoiV1cxMjM0NTY3OCIsIm1lbWJlcl9pZCI6IjEwODUwMyIsInBlcm1pc3Npb25zIjp7fSwiaWF0IjoxNTg5OTY2MjkxLCJleHAiOjE1OTI1NTgyOTF9.JL1nPkWejuPFNefe_pRUwdw2fntk0Sm-BueooBgaHbk","type":"text"},{"key":"outletID","value":"a0L0T000000CcS8UAK","type":"text"}],"body":{"mode":"raw","raw":"","options":{"raw":{}}},"url":{"raw":"https://uat-x-tlc-hotel-api.sg-s1.cloudhub.io/api/reservations/a0x0T0000005XorQAE","protocol":"https","host":["uat-x-tlc-hotel-api","sg-s1","cloudhub","io"],"path":["api","reservations","a0x0T0000005XorQAE"]}},"response":[]},{"name":"https://uat-x-tlc-hotel-api.sg-s1.cloudhub.io/api/account?accountId=108503","_postman_id":"bcad1a1a-f2a1-4336-ba20-ee0ffd49051b","protocolProfileBehavior":{"disableBodyPruning":true},"request":{"method":"GET","header":[{"key":"Accept","value":" application/json, text/plain, */*","type":"text"},{"key":"Accept-Encoding","value":" gzip, deflate, br","type":"text"},{"key":"Accept-Language","value":" en-GB,en-US;q=0.9,en;q=0.8","type":"text"},{"key":"appid","value":" com.tlcgroup.cm_h","type":"text"},{"key":"client_id","value":"HDRDGHTYUIKIOKSAAASS","type":"text"},{"key":"client_secret","value":"HDRDGHTYUIKIOKSAAASS","type":"text"},{"key":"Connection","value":" keep-alive","type":"text"},{"key":"Content-Type","value":" application/json","type":"text"},{"key":"Country","value":" IN","type":"text"},{"key":"Language","value":" en","type":"text"},{"key":"Origin","value":" http://localhost:8100","type":"text"},{"key":"program_id","value":" TLC_MAR_CLMA","type":"text"},{"key":"Referer","value":" http://localhost:8100/welcome-page","type":"text"},{"key":"Sec-Fetch-Dest","value":" empty","type":"text"},{"key":"Sec-Fetch-Mode","value":" cors","type":"text"},{"key":"Sec-Fetch-Site","value":" cross-site","type":"text"},{"key":"subProgramID","value":" clubMarriot","type":"text"},{"key":"employeeID","value":"108503","type":"text"},{"key":"timezone","value":" -330","type":"text"},{"key":"uuid","value":"WW12345678","type":"text"},{"key":"csrftoken","value":"072963dc-d400-4919-9b76-1e8df552befa","type":"text"},{"key":"SessionIDToken","value":"eyJhbGciOiJIUzI1NiIsInR5cCI6IkpXVCJ9.eyJkZXZpY2VVVUlEIjoiV1cxMjM0NTY3OCIsIm1lbWJlcl9pZCI6IjEwODUwMyIsInBlcm1pc3Npb25zIjp7fSwiaWF0IjoxNTg5OTY2MjkxLCJleHAiOjE1OTI1NTgyOTF9.JL1nPkWejuPFNefe_pRUwdw2fntk0Sm-BueooBgaHbk","type":"text"},{"key":"outletID","value":"a0L0T000000CcS8UAK","type":"text"}],"url":{"raw":"https://uat-x-tlc-hotel-api.sg-s1.cloudhub.io/api/account?accountId=108503","protocol":"https","host":["uat-x-tlc-hotel-api","sg-s1","cloudhub","io"],"path":["api","account"],"query":[{"key":"accountId","value":"108503"}]}},"response":[]},{"name":"https://uat-x-tlc-hotel-api.sg-s1.cloudhub.io/api/topspenders","_postman_id":"fb6e97fe-9ad8-4d90-a3c0-0107a7df70e5","protocolProfileBehavior":{"disableBodyPruning":true},"request":{"method":"GET","header":[{"key":"Accept-Language","value":" en-GB,en-US;q=0.9,en;q=0.8","type":"text"},{"key":"appid","value":" com.tlcgroup.cm_h","type":"text"},{"key":"client_id","value":"HDRDGHTYUIKIOKSAAASS","type":"text"},{"key":"client_secret","value":"HDRDGHTYUIKIOKSAAASS","type":"text"},{"key":"Connection","value":" keep-alive","type":"text"},{"key":"Content-Type","value":" application/json","type":"text"},{"key":"Country","value":" IN","type":"text"},{"key":"Language","value":" en","type":"text"},{"key":"program_id","value":" TLC_MAR_CLMA","type":"text"},{"key":"Sec-Fetch-Dest","value":" empty","type":"text"},{"key":"Sec-Fetch-Mode","value":" cors","type":"text"},{"key":"Sec-Fetch-Site","value":" cross-site","type":"text"},{"key":"subProgramID","value":" clubMarriot","type":"text"},{"key":"employeeID","value":"108503","type":"text"},{"key":"timezone","value":" -330","type":"text"},{"key":"uuid","value":"WW12345678","type":"text"},{"key":"csrftoken","value":"0cf16a7d-1218-4fb8-a7d1-fc2aac6c7f6a","type":"text"},{"key":"SessionIDToken","value":"eyJhbGciOiJIUzI1NiIsInR5cCI6IkpXVCJ9.eyJkZXZpY2VVVUlEIjoiV1cxMjM0NTY3OCIsIm1lbWJlcl9pZCI6IjEwODUwMyIsInBlcm1pc3Npb25zIjp7fSwiaWF0IjoxNTkwNDA5ODg0LCJleHAiOjE1OTMwMDE4ODR9.w_dVw8TMb0Z5wewaI3LK9lfOTjLPJ3I1OXa0QSGnCX8","type":"text"},{"key":"outletID","value":"a0L0T000000Ce0vUAC","type":"text"}],"url":{"raw":"https://uat-x-tlc-hotel-api.sg-s1.cloudhub.io/api/topspenders","protocol":"https","host":["uat-x-tlc-hotel-api","sg-s1","cloudhub","io"],"path":["api","topspenders"]}},"response":[]},{"name":"https://uat-x-tlc-hotel-api.sg-s1.cloudhub.io/api/details?uniqueIdentifier=12891255&offerType=Card","_postman_id":"d55b724e-2606-4691-bdf4-fa925bc8720c","protocolProfileBehavior":{"disableBodyPruning":true},"request":{"method":"GET","header":[{"key":"AppID","value":"com.tlcgroup.cm_h","type":"text"},{"key":"program_id","value":"TLC_MAR_CLMA","type":"text"},{"key":"client_secret","value":"HDRDGHTYUIKIOKSAAASS","type":"text"},{"key":"client_id","value":"HDRDGHTYUIKIOKSAAASS","type":"text"},{"key":"Content-Type","value":"application/json","type":"text"},{"key":"UUID","value":"WW12345678","type":"text"},{"key":"csrftoken","value":"99d3a8f6-f7fc-40b0-abeb-290d0c2371d7","type":"text"},{"key":"SessionIDToken","value":"eyJhbGciOiJIUzI1NiIsInR5cCI6IkpXVCJ9.eyJkZXZpY2VVVUlEIjoiV1cxMjM0NTY3OCIsIm1lbWJlcl9pZCI6IjEwOTI5MyIsInBlcm1pc3Npb25zIjp7fSwiaWF0IjoxNTkwNTgyNjU0LCJleHAiOjE1OTMxNzQ2NTR9.PI-oIeDgf6g7epq1JkFxAsW15SmYg6_CZITPS7dudT0","type":"text"},{"key":"employeeID","value":"109293","type":"text"},{"key":"outletID","value":"a0L0T000000Ce0yUAC","type":"text"}],"url":{"raw":"https://uat-x-tlc-hotel-api.sg-s1.cloudhub.io/api/details?uniqueIdentifier=12891255&offerType=Card","protocol":"https","host":["uat-x-tlc-hotel-api","sg-s1","cloudhub","io"],"path":["api","details"],"query":[{"key":"uniqueIdentifier","value":"12891255"},{"key":"offerType","value":"Card"}]}},"response":[]},{"name":"https://uat-x-tlc-hotel-api.sg-s1.cloudhub.io/api/outlet/a0L0T000000CcSIUA0/misreports?mistype=MTD","_postman_id":"8ab593f9-dc2d-4677-b0b5-31dca7157460","protocolProfileBehavior":{"disableBodyPruning":true},"request":{"method":"GET","header":[{"key":"AppID","value":"com.tlcgroup.cm_h","type":"text"},{"key":"program_id","value":"TLC_MAR_CLMA","type":"text"},{"key":"client_secret","value":"HDRDGHTYUIKIOKSAAASS","type":"text"},{"key":"client_id","value":"HDRDGHTYUIKIOKSAAASS","type":"text"},{"key":"Content-Type","value":"application/json","type":"text"},{"key":"UUID","value":"WW12345678","type":"text"},{"key":"csrftoken","value":"f2c71683-8ba7-482d-aecd-6e07674d6fce","type":"text"},{"key":"SessionIDToken","value":"eyJhbGciOiJIUzI1NiIsInR5cCI6IkpXVCJ9.eyJkZXZpY2VVVUlEIjoiV1cxMjM0NTY3OCIsIm1lbWJlcl9pZCI6IjEwOTI5MyIsInBlcm1pc3Npb25zIjp7fSwiaWF0IjoxNTkwNTg3MzUxLCJleHAiOjE1OTMxNzkzNTF9.KMfiORZWOx02R0riorthckx63XT96ayt2JVdn75wpt0","type":"text"},{"key":"employeeID","value":"109293","type":"text"},{"key":"Language","value":" en","type":"text"},{"key":"outletId","value":"a0L0T000000CcSIUA0","type":"text"}],"url":{"raw":"https://uat-x-tlc-hotel-api.sg-s1.cloudhub.io/api/outlet/a0L0T000000CcSIUA0/misreports?mistype=MTD","protocol":"https","host":["uat-x-tlc-hotel-api","sg-s1","cloudhub","io"],"path":["api","outlet","a0L0T000000CcSIUA0","misreports"],"query":[{"key":"mistype","value":"MTD"}]}},"response":[]},{"name":"https://uat-x-tlc-hotel-api.sg-s1.cloudhub.io/api/reservations?searchText=&bucketNo=1&bucketSize=200&startDate=2020-04-04&endDate=2020-06-17&status=IP","_postman_id":"e4a7d0a4-fa39-4a13-8d8e-2119ddd46e51","protocolProfileBehavior":{"disableBodyPruning":true},"request":{"method":"GET","header":[{"key":"AppID","value":"com.tlcgroup.cm_h","type":"text"},{"key":"program_id","value":"TLC_MAR_CLMA","type":"text"},{"key":"client_secret","value":"HDRDGHTYUIKIOKSAAASS","type":"text"},{"key":"client_id","value":"HDRDGHTYUIKIOKSAAASS","type":"text"},{"key":"Content-Type","value":"application/json","type":"text"},{"key":"UUID","value":"WW12345678","type":"text"},{"key":"csrftoken","value":"3d4a6433-6d6e-4ee2-b0d7-9b0d548d04db","type":"text"},{"key":"SessionIDToken","value":"eyJhbGciOiJIUzI1NiIsInR5cCI6IkpXVCJ9.eyJkZXZpY2VVVUlEIjoiV1cxMjM0NTY3OCIsIm1lbWJlcl9pZCI6IjEwODA3NyIsInBlcm1pc3Npb25zIjp7fSwiaWF0IjoxNTkwNTAyMDYxLCJleHAiOjE1OTMwOTQwNjF9.a-2wIp94bnU-g_l-iQidPzwnM1Dqh2S6qUmESVoQC0Q","type":"text"},{"key":"employeeID","value":"108077","type":"text"},{"key":"outletId","value":"0010T000004WTHwQAO","type":"text"}],"url":{"raw":"https://uat-x-tlc-hotel-api.sg-s1.cloudhub.io/api/reservations?searchText=&bucketNo=1&bucketSize=200&startDate=2020-04-04&endDate=2020-06-17&status=IP","protocol":"https","host":["uat-x-tlc-hotel-api","sg-s1","cloudhub","io"],"path":["api","reservations"],"query":[{"key":"searchText","value":""},{"key":"bucketNo","value":"1"},{"key":"bucketSize","value":"200"},{"key":"startDate","value":"2020-04-04"},{"key":"endDate","value":"2020-06-17"},{"key":"status","value":"IP"}]}},"response":[]},{"name":"https://uat-x-tlc-hotel-api.sg-s1.cloudhub.io/api/outlets/a0R6D000004uwbPUAQ/reservations/paxcount?reservationdate=2020-06-14","_postman_id":"5a5d4e8e-042b-49a2-8d6d-f4ac9fbe50e3","protocolProfileBehavior":{"disableBodyPruning":true},"request":{"method":"GET","header":[{"key":"AppID","value":"com.tlcgroup.cm_h","type":"text"},{"key":"program_id","value":"TLC_MAR_CLMA","type":"text"},{"key":"client_secret","value":"HDRDGHTYUIKIOKSAAASS","type":"text"},{"key":"client_id","value":"HDRDGHTYUIKIOKSAAASS","type":"text"},{"key":"Content-Type","value":"application/json","type":"text"},{"key":"UUID","value":"WW12345678","type":"text"},{"key":"csrftoken","value":"8c91ac89-b7a6-496a-bfbd-c2665482770b","type":"text"},{"key":"SessionIDToken","value":"eyJhbGciOiJIUzI1NiIsInR5cCI6IkpXVCJ9.eyJkZXZpY2VVVUlEIjoiV1cxMjM0NTY3OCIsIm1lbWJlcl9pZCI6IjEwODA3NyIsInBlcm1pc3Npb25zIjp7fSwiaWF0IjoxNTkwNTAyMDYxLCJleHAiOjE1OTMwOTQwNjF9.a-2wIp94bnU-g_l-iQidPzwnM1Dqh2S6qUmESVoQC0Q","type":"text"},{"key":"employeeID","value":"108077","type":"text"},{"key":"outletID","value":"a0R6D000004uwbPUAQ","type":"text"}],"url":{"raw":"https://uat-x-tlc-hotel-api.sg-s1.cloudhub.io/api/outlets/a0R6D000004uwbPUAQ/reservations/paxcount?reservationdate=2020-06-14","protocol":"https","host":["uat-x-tlc-hotel-api","sg-s1","cloudhub","io"],"path":["api","outlets","a0R6D000004uwbPUAQ","reservations","paxcount"],"query":[{"key":"reservationdate","value":"2020-06-14"}]}},"response":[]}]}