{"info":{"_postman_id":"aaec1aa9-e86e-43cf-9008-8023f78bb77f","name":"payment link UAT","schema":"https://schema.getpostman.com/json/collection/v2.1.0/collection.json"},"item":[{"name":"https://uat-x-tlc-web-api.sg-s1.cloudhub.io/api/lead?leadid=c4sGinq4Q3Di80%2BHFv9Co3TvpsjUSyxT4RvEstY4n6gQ8l5DZdyD622uzaouQ6oO","_postman_id":"b18f6104-3b61-4c4a-aece-56e6d6f6c286","protocolProfileBehavior":{"disableBodyPruning":true},"request":{"method":"GET","header":[{"key":"program_id","value":"TLC_MAR_CLMA","type":"text"},{"key":"AppID","value":"com.tlcgroup.cm_c","type":"text"},{"key":"subProgramID","value":"abcd","type":"text"},{"key":"UUID","value":"rtyuiopoiuytqw","type":"text"},{"key":"client_id","value":"WEKISHMOMOTFSFTG","type":"text"},{"key":"client_secret","value":"WETGYUITTLKISOPIM","type":"text"},{"key":"Content-Type","value":"application/json","type":"text"},{"key":"country","value":"IN","type":"text"}],"url":{"raw":"https://uat-x-tlc-web-api.sg-s1.cloudhub.io/api/lead?leadid=c4sGinq4Q3Di80%2BHFv9Co3TvpsjUSyxT4RvEstY4n6gQ8l5DZdyD622uzaouQ6oO","protocol":"https","host":["uat-x-tlc-web-api","sg-s1","cloudhub","io"],"path":["api","lead"],"query":[{"key":"leadid","value":"c4sGinq4Q3Di80%2BHFv9Co3TvpsjUSyxT4RvEstY4n6gQ8l5DZdyD622uzaouQ6oO"}]}},"response":[]},{"name":"https://uat-x-tlc-web-api.sg-s1.cloudhub.io/api/payment","_postman_id":"f6fdaa9f-33c5-4654-b84c-fa4b1af9347d","protocolProfileBehavior":{"disableBodyPruning":true},"request":{"method":"POST","header":[{"key":"program_id","value":"TLC_MAR_CLMA","type":"text"},{"key":"AppID","value":"com.tlcgroup.cm_c","type":"text"},{"key":"subProgramID","value":"abcd","type":"text"},{"key":"UUID","value":"rtyuiopoiuytqw","type":"text"},{"key":"client_id","value":"WEKISHMOMOTFSFTG","type":"text"},{"key":"client_secret","value":"WETGYUITTLKISOPIM","type":"text"},{"key":"Content-Type","value":"application/json","type":"text"},{"key":"country","value":"IN","type":"text"}],"body":{"mode":"raw","raw":"{\r\n   \"leadid\": \"a1P0T0000006Kf4UAE\",\r\n   \"transactionType\": \"Membership-Buy\",\r\n   \"membershipType\": \"a0f0T000000CbuoQAC\",\r\n   \"membershipTypeOffer\": [],\r\n   \"consumerId\": \"109220\",\r\n   \"membershipNumber\": \"\",\r\n   \"amount\": \"12500.0\",\r\n   \"promocode\": \"\",\r\n   \"discount\": \"\",\r\n   \"gstNumber\": \"\",\r\n   \"gstCompanyName\": \"\",\r\n   \"address\": {\r\n       \"addressType\": \"\",\r\n       \"country\": \"\",\r\n       \"addressLine1\": \"\",\r\n       \"addressLine2\": \"\",\r\n       \"city\": \"\",\r\n       \"state\": \"\",\r\n       \"pinCode\": \"\"\r\n   },\r\n   \"ipAddress\": \"\",\r\n   \"netAmount\": \"12500.0\",\r\n   \"finalAmount\": \"14750.0\",\r\n   \"gstAmount\": \"2250.0\",\r\n   \"quantity\": \"1.0\",\r\n   \"currency\": \"INR\"\r\n}\r\n","options":{"raw":{"language":"json"}}},"url":{"raw":"https://uat-x-tlc-web-api.sg-s1.cloudhub.io/api/payment","protocol":"https","host":["uat-x-tlc-web-api","sg-s1","cloudhub","io"],"path":["api","payment"]}},"response":[]},{"name":"https://uat-x-tlc-web-api.sg-s1.cloudhub.io/api/updatepayment","_postman_id":"f59ad3b2-c634-4208-9b76-b04c626fbec5","protocolProfileBehavior":{"disableBodyPruning":true},"request":{"method":"POST","header":[{"key":"program_id","value":"TLC_MAR_CLMA","type":"text"},{"key":"AppID","value":"com.tlcgroup.cm_c","type":"text"},{"key":"subProgramID","value":"abcd","type":"text"},{"key":"UUID","value":"rtyuiopoiuytqw","type":"text"},{"key":"client_id","value":"WEKISHMOMOTFSFTG","type":"text"},{"key":"client_secret","value":"WETGYUITTLKISOPIM","type":"text"},{"key":"Content-Type","value":"application/json","type":"text"},{"key":"country","value":"IN","type":"text"}],"body":{"mode":"raw","raw":"{\r\n   \"transactionId\": \"0870403\",\r\n   \"transactionCode\": \"1073143251\",\r\n   \"leadid\": \"a1P0T0000006Kf4UAE\"\r\n}","options":{"raw":{}}},"url":{"raw":"https://uat-x-tlc-web-api.sg-s1.cloudhub.io/api/updatepayment","protocol":"https","host":["uat-x-tlc-web-api","sg-s1","cloudhub","io"],"path":["api","updatepayment"]}},"response":[]}]}