{"info":{"_postman_id":"a8f96b08-08fa-4885-9557-3dc5d18fe6ec","name":"TLC_API_musoft_hoteApp_UAT","schema":"https://schema.getpostman.com/json/collection/v2.1.0/collection.json"},"item":[{"name":"https://hotelapp-uat.tlcgroup-test-platform.com/api/program/anonymouskey","_postman_id":"a271dcf7-c24b-4a7c-bc74-af5d6a2ee0d3","protocolProfileBehavior":{"disableBodyPruning":true},"request":{"method":"GET","header":[{"key":"client_id","value":"HDRDGHTYUIKIOKSAAASS","type":"text"},{"key":"client_secret","value":"HDRDGHTYUIKIOKSAAASS","type":"text"},{"key":"program_id","value":"TLC_MAR_CLMA","type":"text"},{"key":"AppID","value":"com.tlcgroup.cm_h","type":"text"},{"key":"UUID","value":"WW12345678","type":"text"},{"key":"csrftoken","value":"23973344-de62-4670-b3af-35c7b0a4f6bf","type":"text"},{"key":"Content-Type","value":"application/json'","type":"text"}],"url":{"raw":"https://uat-x-tlc-hotel-api.sg-s1.cloudhub.io/api/program/anonymouskey","protocol":"https","host":["uat-x-tlc-hotel-api","sg-s1","cloudhub","io"],"path":["api","program","anonymouskey"]}},"response":[]},{"name":"https://uat-x-tlc-hotel-api.sg-s1.cloudhub.io/api/account/login","_postman_id":"2d06ef0f-d712-4d8c-badd-9b2e206d0e21","protocolProfileBehavior":{"disableBodyPruning":true},"request":{"method":"POST","header":[{"key":"Accept","value":" application/json, text/plain, */*","type":"text"},{"key":"Accept-Encoding","value":" gzip, deflate, br","type":"text"},{"key":"Accept-Language","value":" en-GB,en-US;q=0.9,en;q=0.8","type":"text"},{"key":"appid","value":" com.tlcgroup.cm_h","type":"text"},{"key":"client_id","value":"HDRDGHTYUIKIOKSAAASS","type":"text"},{"key":"client_secret","value":"HDRDGHTYUIKIOKSAAASS","type":"text"},{"key":"Connection","value":" keep-alive","type":"text"},{"key":"Content-Type","value":" application/json","type":"text"},{"key":"Country","value":" IN","type":"text"},{"key":"Language","value":" en","type":"text"},{"key":"Origin","value":" http://localhost:8100","type":"text"},{"key":"program_id","value":" TLC_MAR_CLMA","type":"text"},{"key":"Referer","value":" http://localhost:8100/welcome-page","type":"text"},{"key":"Sec-Fetch-Dest","value":" empty","type":"text"},{"key":"Sec-Fetch-Mode","value":" cors","type":"text"},{"key":"Sec-Fetch-Site","value":" cross-site","type":"text"},{"key":"subProgramID","value":" clubMarriot","type":"text"},{"key":"timezone","value":" -330","type":"text"},{"key":"uuid","value":"WW12345678","type":"text"},{"key":"csrftoken","value":"80b90cc5-e46f-4328-9172-6f3932f00f8b","type":"text"}],"body":{"mode":"raw","raw":"{\r\n   \"emailID\": \"nishu.nagia@gmail.com\",\r\n   \"password\": \"Nishu@123\"\r\n}\r\n","options":{"raw":{"language":"json"}}},"url":{"raw":"https://uat-x-tlc-hotel-api.sg-s1.cloudhub.io/api/account/login","protocol":"https","host":["uat-x-tlc-hotel-api","sg-s1","cloudhub","io"],"path":["api","account","login"]}},"response":[]},{"name":"https://uat-x-tlc-hotel-api.sg-s1.cloudhub.io/api/reservations/a0x0T0000005XorQAE","_postman_id":"7c8154c9-d03f-4f40-84d3-0ea13cfa4a56","protocolProfileBehavior":{"disableBodyPruning":true},"request":{"method":"GET","header":[{"key":"Accept","value":" application/json, text/plain, */*","type":"text"},{"key":"Accept-Encoding","value":" gzip, deflate, br","type":"text"},{"key":"Accept-Language","value":" en-GB,en-US;q=0.9,en;q=0.8","type":"text"},{"key":"appid","value":" com.tlcgroup.cm_h","type":"text"},{"key":"client_id","value":"HDRDGHTYUIKIOKSAAASS","type":"text"},{"key":"client_secret","value":"HDRDGHTYUIKIOKSAAASS","type":"text"},{"key":"Connection","value":" keep-alive","type":"text"},{"key":"Content-Type","value":" application/json","type":"text"},{"key":"Country","value":" IN","type":"text"},{"key":"Language","value":" en","type":"text"},{"key":"Origin","value":" http://localhost:8100","type":"text"},{"key":"program_id","value":" TLC_MAR_CLMA","type":"text"},{"key":"Referer","value":" http://localhost:8100/welcome-page","type":"text"},{"key":"Sec-Fetch-Dest","value":" empty","type":"text"},{"key":"Sec-Fetch-Mode","value":" cors","type":"text"},{"key":"Sec-Fetch-Site","value":" cross-site","type":"text"},{"key":"subProgramID","value":" clubMarriot","type":"text"},{"key":"employeeID","value":"108503","type":"text"},{"key":"timezone","value":" -330","type":"text"},{"key":"uuid","value":"WW12345678","type":"text"},{"key":"csrftoken","value":"072963dc-d400-4919-9b76-1e8df552befa","type":"text"},{"key":"SessionIDToken","value":"eyJhbGciOiJIUzI1NiIsInR5cCI6IkpXVCJ9.eyJkZXZpY2VVVUlEIjoiV1cxMjM0NTY3OCIsIm1lbWJlcl9pZCI6IjEwODUwMyIsInBlcm1pc3Npb25zIjp7fSwiaWF0IjoxNTg5OTY2MjkxLCJleHAiOjE1OTI1NTgyOTF9.JL1nPkWejuPFNefe_pRUwdw2fntk0Sm-BueooBgaHbk","type":"text"},{"key":"outletID","value":"a0L0T000000CcS8UAK","type":"text"}],"body":{"mode":"raw","raw":"","options":{"raw":{}}},"url":{"raw":"https://uat-x-tlc-hotel-api.sg-s1.cloudhub.io/api/reservations/a0x0T0000005XorQAE","protocol":"https","host":["uat-x-tlc-hotel-api","sg-s1","cloudhub","io"],"path":["api","reservations","a0x0T0000005XorQAE"]}},"response":[]},{"name":"https://uat-x-tlc-hotel-api.sg-s1.cloudhub.io/api/account?accountId=108503","_postman_id":"b12a9dd1-7dbf-464e-b33d-27a8e72504ea","protocolProfileBehavior":{"disableBodyPruning":true},"request":{"method":"GET","header":[{"key":"Accept","value":" application/json, text/plain, */*","type":"text"},{"key":"Accept-Encoding","value":" gzip, deflate, br","type":"text"},{"key":"Accept-Language","value":" en-GB,en-US;q=0.9,en;q=0.8","type":"text"},{"key":"appid","value":" com.tlcgroup.cm_h","type":"text"},{"key":"client_id","value":"HDRDGHTYUIKIOKSAAASS","type":"text"},{"key":"client_secret","value":"HDRDGHTYUIKIOKSAAASS","type":"text"},{"key":"Connection","value":" keep-alive","type":"text"},{"key":"Content-Type","value":" application/json","type":"text"},{"key":"Country","value":" IN","type":"text"},{"key":"Language","value":" en","type":"text"},{"key":"Origin","value":" http://localhost:8100","type":"text"},{"key":"program_id","value":" TLC_MAR_CLMA","type":"text"},{"key":"Referer","value":" http://localhost:8100/welcome-page","type":"text"},{"key":"Sec-Fetch-Dest","value":" empty","type":"text"},{"key":"Sec-Fetch-Mode","value":" cors","type":"text"},{"key":"Sec-Fetch-Site","value":" cross-site","type":"text"},{"key":"subProgramID","value":" clubMarriot","type":"text"},{"key":"employeeID","value":"108503","type":"text"},{"key":"timezone","value":" -330","type":"text"},{"key":"uuid","value":"WW12345678","type":"text"},{"key":"csrftoken","value":"072963dc-d400-4919-9b76-1e8df552befa","type":"text"},{"key":"SessionIDToken","value":"eyJhbGciOiJIUzI1NiIsInR5cCI6IkpXVCJ9.eyJkZXZpY2VVVUlEIjoiV1cxMjM0NTY3OCIsIm1lbWJlcl9pZCI6IjEwODUwMyIsInBlcm1pc3Npb25zIjp7fSwiaWF0IjoxNTg5OTY2MjkxLCJleHAiOjE1OTI1NTgyOTF9.JL1nPkWejuPFNefe_pRUwdw2fntk0Sm-BueooBgaHbk","type":"text"},{"key":"outletID","value":"a0L0T000000CcS8UAK","type":"text"}],"url":{"raw":"https://uat-x-tlc-hotel-api.sg-s1.cloudhub.io/api/account?accountId=108503","protocol":"https","host":["uat-x-tlc-hotel-api","sg-s1","cloudhub","io"],"path":["api","account"],"query":[{"key":"accountId","value":"108503"}]}},"response":[]}]}