{"info":{"_postman_id":"c28f94f7-e727-4b3b-a166-45252a37c721","name":"payment link","schema":"https://schema.getpostman.com/json/collection/v2.1.0/collection.json"},"item":[{"name":"https://uat-x-tlc-web-api.sg-s1.cloudhub.io/api/lead?leadid=c4sGinq4Q3Di80%2BHFv9Co3TvpsjUSyxT4RvEstY4n6gQ8l5DZdyD622uzaouQ6oO","_postman_id":"aa927bbd-c650-4daf-a7f0-80dcaa076d9d","protocolProfileBehavior":{"disableBodyPruning":true},"request":{"method":"GET","header":[{"key":"program_id","value":"TLC_MAR_CLMA","type":"text"},{"key":"AppID","value":"com.tlcgroup.cm_c","type":"text"},{"key":"subProgramID","value":"abcd","type":"text"},{"key":"UUID","value":"rtyuiopoiuytqw","type":"text"},{"key":"client_id","value":"WEKISHMOMOTFSFTG","type":"text"},{"key":"client_secret","value":"WETGYUITTLKISOPIM","type":"text"},{"key":"Content-Type","value":"application/json","type":"text"},{"key":"country","value":"IN","type":"text"}],"url":{"raw":"https://uat-x-tlc-web-api.sg-s1.cloudhub.io/api/lead?leadid=c4sGinq4Q3Di80%2BHFv9Co3TvpsjUSyxT4RvEstY4n6gQ8l5DZdyD622uzaouQ6oO","protocol":"https","host":["uat-x-tlc-web-api","sg-s1","cloudhub","io"],"path":["api","lead"],"query":[{"key":"leadid","value":"c4sGinq4Q3Di80%2BHFv9Co3TvpsjUSyxT4RvEstY4n6gQ8l5DZdyD622uzaouQ6oO"}]}},"response":[]},{"name":"https://uat-x-tlc-web-api.sg-s1.cloudhub.io/api/payment","_postman_id":"d9191535-3afc-48ab-8add-fdba05ace523","protocolProfileBehavior":{"disableBodyPruning":true},"request":{"method":"POST","header":[{"key":"program_id","value":"TLC_MAR_CLMA","type":"text"},{"key":"AppID","value":"com.tlcgroup.cm_c","type":"text"},{"key":"subProgramID","value":"abcd","type":"text"},{"key":"UUID","value":"rtyuiopoiuytqw","type":"text"},{"key":"client_id","value":"WEKISHMOMOTFSFTG","type":"text"},{"key":"client_secret","value":"WETGYUITTLKISOPIM","type":"text"},{"key":"Content-Type","value":"application/json","type":"text"},{"key":"country","value":"IN","type":"text"}],"body":{"mode":"raw","raw":"{\r\n   \"leadid\": \"a1P0T0000006Kf4UAE\",\r\n   \"transactionType\": \"Membership-Buy\",\r\n   \"membershipType\": \"a0f0T000000CbuoQAC\",\r\n   \"membershipTypeOffer\": [],\r\n   \"consumerId\": \"109220\",\r\n   \"membershipNumber\": \"\",\r\n   \"amount\": \"12500.0\",\r\n   \"promocode\": \"\",\r\n   \"discount\": \"\",\r\n   \"gstNumber\": \"\",\r\n   \"gstCompanyName\": \"\",\r\n   \"address\": {\r\n       \"addressType\": \"\",\r\n       \"country\": \"\",\r\n       \"addressLine1\": \"\",\r\n       \"addressLine2\": \"\",\r\n       \"city\": \"\",\r\n       \"state\": \"\",\r\n       \"pinCode\": \"\"\r\n   },\r\n   \"ipAddress\": \"\",\r\n   \"netAmount\": \"12500.0\",\r\n   \"finalAmount\": \"14750.0\",\r\n   \"gstAmount\": \"2250.0\",\r\n   \"quantity\": \"1.0\",\r\n   \"currency\": \"INR\"\r\n}\r\n","options":{"raw":{"language":"json"}}},"url":{"raw":"https://uat-x-tlc-web-api.sg-s1.cloudhub.io/api/payment","protocol":"https","host":["uat-x-tlc-web-api","sg-s1","cloudhub","io"],"path":["api","payment"]}},"response":[]},{"name":"https://uat-x-tlc-web-api.sg-s1.cloudhub.io/api/updatepayment","_postman_id":"82652822-2a3e-479a-a6e4-cac89ebb637a","protocolProfileBehavior":{"disableBodyPruning":true},"request":{"method":"POST","header":[{"key":"program_id","value":"TLC_MAR_CLMA","type":"text"},{"key":"AppID","value":"com.tlcgroup.cm_c","type":"text"},{"key":"subProgramID","value":"abcd","type":"text"},{"key":"UUID","value":"rtyuiopoiuytqw","type":"text"},{"key":"client_id","value":"WEKISHMOMOTFSFTG","type":"text"},{"key":"client_secret","value":"WETGYUITTLKISOPIM","type":"text"},{"key":"Content-Type","value":"application/json","type":"text"},{"key":"country","value":"IN","type":"text"}],"body":{"mode":"raw","raw":"{\r\n   \"transactionId\": \"0870403\",\r\n   \"transactionCode\": \"1073143251\",\r\n   \"leadid\": \"a1P0T0000006Kf4UAE\"\r\n}","options":{"raw":{}}},"url":{"raw":"https://uat-x-tlc-web-api.sg-s1.cloudhub.io/api/updatepayment","protocol":"https","host":["uat-x-tlc-web-api","sg-s1","cloudhub","io"],"path":["api","updatepayment"]}},"response":[]},{"name":"https://webapp-sit.tlcgroup-test-platform.com/api/payment","_postman_id":"e67bab3b-bbbf-4d1d-89b0-08d6463b1f74","protocolProfileBehavior":{"disableBodyPruning":true},"request":{"method":"POST","header":[{"key":"program_id","value":"TLC_MAR_CLMA","type":"text"},{"key":"AppID","value":"com.tlcgroup.cm_c","type":"text"},{"key":"subProgramID","value":"abcd","type":"text"},{"key":"UUID","value":"rtyuiopoiuytqw","type":"text"},{"key":"client_secret","value":"WETGYUITTLKISOPIM","type":"text"},{"key":"Content-Type","value":"application/json","type":"text"},{"key":"country","value":"IN","type":"text"},{"key":"client_id","value":"WEKISHMOMOTFSFTG","type":"text"},{"key":"language","value":"en","type":"text"}],"body":{"mode":"raw","raw":"\r\n{\r\n    \"leadid\": \"a186D000000MHrpQAG\",\r\n    \"transactionType\": \"Membership-Buy\",\r\n    \"membershipType\": \"a0J6D000001mCavUAE\",\r\n    \"membershipTypeOffer\": [],\r\n    \"consumerId\": \"114720\",\r\n    \"membershipNumber\": \"\",\r\n    \"amount\": \"11500.0\",\r\n    \"promocode\": \"\",\r\n    \"discount\": \"\",\r\n    \"gstNumber\": \"\",\r\n    \"gstCompanyName\": \"\",\r\n    \"address\": {\r\n        \"addressType\": \"\",\r\n        \"country\": \"\",\r\n        \"addressLine1\": \"\",\r\n        \"addressLine2\": \"\",\r\n        \"city\": \"\",\r\n        \"state\": \"\",\r\n        \"pinCode\": \"\"\r\n    },\r\n    \"ipAddress\": \"\",\r\n    \"netAmount\": \"11500.00\",\r\n    \"finalAmount\": \"13570.00\",\r\n    \"gstAmount\": \"2070.00\",\r\n    \"quantity\": \"1.0\",\r\n    \"currency\": \"INR\"\r\n}","options":{"raw":{}}},"url":{"raw":"https://webapp-sit.tlcgroup-test-platform.com/api/payment","protocol":"https","host":["webapp-sit","tlcgroup-test-platform","com"],"path":["api","payment"]}},"response":[]},{"name":"https://webapp-sit.tlcgroup-test-platform.com/api/updatepayment","_postman_id":"d85be748-08c9-42e1-8c7e-5586605f30eb","protocolProfileBehavior":{"disableBodyPruning":true},"request":{"method":"POST","header":[{"key":"program_id","value":"TLC_MAR_CLMA","type":"text"},{"key":"AppID","value":"com.tlcgroup.cm_c","type":"text"},{"key":"subProgramID","value":"abcd","type":"text"},{"key":"UUID","value":"rtyuiopoiuytqw","type":"text"},{"key":"client_secret","value":"WETGYUITTLKISOPIM","type":"text"},{"key":"Content-Type","value":"application/json","type":"text"},{"key":"country","value":"IN","type":"text"},{"key":"client_id","value":"WEKISHMOMOTFSFTG","type":"text"},{"key":"language","value":"en","type":"text"}],"body":{"mode":"raw","raw":"{\r\n    \"transactionId\": \"4221280\",\r\n    \"transactionCode\": \"1074688394\",\r\n    \"leadid\": \"a186D000000MHrpQAG\"\r\n}","options":{"raw":{}}},"url":{"raw":"https://webapp-sit.tlcgroup-test-platform.com/api/updatepayment","protocol":"https","host":["webapp-sit","tlcgroup-test-platform","com"],"path":["api","updatepayment"]}},"response":[]},{"name":"https://webapp-sit.tlcgroup-test-platform.com/api/lead?leadid=XDNG6lQz%2FBgWFIdtPcOXfL6KMpB9l2rYEIe3GfIl6FqpqmueBLrZ3Sp14VNq%2BFg9","_postman_id":"aae251ab-e65a-4d09-be79-4a19ec370e1b","protocolProfileBehavior":{"disableBodyPruning":true},"request":{"method":"GET","header":[{"key":"program_id","value":"TLC_MAR_CLMA","type":"text"},{"key":"AppID","value":"com.tlcgroup.cm_c","type":"text"},{"key":"subProgramID","value":"abcd","type":"text"},{"key":"UUID","value":"rtyuiopoiuytqw","type":"text"},{"key":"client_secret","value":"WETGYUITTLKISOPIM","type":"text"},{"key":"Content-Type","value":"application/json","type":"text"},{"key":"country","value":"IN","type":"text"},{"key":"client_id","value":"WEKISHMOMOTFSFTG","type":"text"},{"key":"language","value":"en","type":"text"}],"url":{"raw":"https://webapp-sit.tlcgroup-test-platform.com/api/lead?leadid=XDNG6lQz%2FBgWFIdtPcOXfL6KMpB9l2rYEIe3GfIl6FqpqmueBLrZ3Sp14VNq%2BFg9","protocol":"https","host":["webapp-sit","tlcgroup-test-platform","com"],"path":["api","lead"],"query":[{"key":"leadid","value":"XDNG6lQz%2FBgWFIdtPcOXfL6KMpB9l2rYEIe3GfIl6FqpqmueBLrZ3Sp14VNq%2BFg9"}]}},"response":[]}]}