{"info":{"_postman_id":"f0fb1f01-1368-47d0-9998-69b8b19c8032","name":"hoteApp_UAT","schema":"https://schema.getpostman.com/json/collection/v2.1.0/collection.json"},"item":[{"name":"https://uat-x-tlc-hotel-api.sg-s1.cloudhub.io/api/program/anonymouskey","_postman_id":"232596a5-8506-43ca-a784-14c75c0b8a8d","protocolProfileBehavior":{"disableBodyPruning":true},"request":{"method":"GET","header":[{"key":"client_id","value":"HDRDGHTYUIKIOKSAAASS","type":"text"},{"key":"client_secret","value":"HDRDGHTYUIKIOKSAAASS","type":"text"},{"key":"program_id","value":"TLC_MAR_CLMA","type":"text"},{"key":"AppID","value":"com.tlcgroup.cm_h","type":"text"},{"key":"UUID","value":"WW12345678","type":"text"},{"key":"csrftoken","value":"23973344-de62-4670-b3af-35c7b0a4f6bf","type":"text"},{"key":"Content-Type","value":"application/json'","type":"text"}],"url":{"raw":"https://uat-x-tlc-hotel-api.sg-s1.cloudhub.io/api/program/anonymouskey","protocol":"https","host":["uat-x-tlc-hotel-api","sg-s1","cloudhub","io"],"path":["api","program","anonymouskey"]}},"response":[]},{"name":"https://uat-x-tlc-hotel-api.sg-s1.cloudhub.io/api/account/login","_postman_id":"02080c7c-dab5-4de5-ba75-9484b87ed1b3","protocolProfileBehavior":{"disableBodyPruning":true},"request":{"method":"POST","header":[{"key":"appid","value":"com.tlcgroup.cm_h","type":"text"},{"key":"client_id","value":"HDRDGHTYUIKIOKSAAASS","type":"text"},{"key":"client_secret","value":"HDRDGHTYUIKIOKSAAASS","type":"text"},{"key":"Connection","value":" keep-alive","type":"text"},{"key":"Content-Type","value":" application/json","type":"text"},{"key":"Country","value":" IN","type":"text"},{"key":"Language","value":" en","type":"text"},{"key":"program_id","value":" TLC_MAR_CLMA","type":"text"},{"key":"Sec-Fetch-Dest","value":" empty","type":"text"},{"key":"Sec-Fetch-Mode","value":" cors","type":"text"},{"key":"Sec-Fetch-Site","value":" cross-site","type":"text"},{"key":"subProgramID","value":" clubMarriot","type":"text"},{"key":"timezone","value":" -330","type":"text"},{"key":"uuid","value":"WW12345678","type":"text"},{"key":"csrftoken","value":"dcd3ffdf-5c8b-44ec-8888-669cf4e52e7c","type":"text"}],"body":{"mode":"raw","raw":"{\r\n   \"mobileNumber\": 913456644447,\r\n   \"password\": \"Golu@123\"\r\n}\r\n","options":{"raw":{"language":"json"}}},"url":{"raw":"https://uat-x-tlc-hotel-api.sg-s1.cloudhub.io/api/account/login","protocol":"https","host":["uat-x-tlc-hotel-api","sg-s1","cloudhub","io"],"path":["api","account","login"]}},"response":[]},{"name":"https://uat-x-tlc-hotel-api.sg-s1.cloudhub.io/api/reservations/a0x0T0000005XorQAE","_postman_id":"324c93b8-18bf-4467-aa5b-a569e4d54515","protocolProfileBehavior":{"disableBodyPruning":true},"request":{"method":"GET","header":[{"key":"Accept","value":" application/json, text/plain, */*","type":"text"},{"key":"Accept-Encoding","value":" gzip, deflate, br","type":"text"},{"key":"Accept-Language","value":" en-GB,en-US;q=0.9,en;q=0.8","type":"text"},{"key":"appid","value":" com.tlcgroup.cm_h","type":"text"},{"key":"client_id","value":"HDRDGHTYUIKIOKSAAASS","type":"text"},{"key":"client_secret","value":"HDRDGHTYUIKIOKSAAASS","type":"text"},{"key":"Connection","value":" keep-alive","type":"text"},{"key":"Content-Type","value":" application/json","type":"text"},{"key":"Country","value":" IN","type":"text"},{"key":"Language","value":" en","type":"text"},{"key":"Origin","value":" http://localhost:8100","type":"text"},{"key":"program_id","value":" TLC_MAR_CLMA","type":"text"},{"key":"Referer","value":" http://localhost:8100/welcome-page","type":"text"},{"key":"Sec-Fetch-Dest","value":" empty","type":"text"},{"key":"Sec-Fetch-Mode","value":" cors","type":"text"},{"key":"Sec-Fetch-Site","value":" cross-site","type":"text"},{"key":"subProgramID","value":" clubMarriot","type":"text"},{"key":"employeeID","value":"108503","type":"text"},{"key":"timezone","value":" -330","type":"text"},{"key":"uuid","value":"WW12345678","type":"text"},{"key":"csrftoken","value":"072963dc-d400-4919-9b76-1e8df552befa","type":"text"},{"key":"SessionIDToken","value":"eyJhbGciOiJIUzI1NiIsInR5cCI6IkpXVCJ9.eyJkZXZpY2VVVUlEIjoiV1cxMjM0NTY3OCIsIm1lbWJlcl9pZCI6IjEwODUwMyIsInBlcm1pc3Npb25zIjp7fSwiaWF0IjoxNTg5OTY2MjkxLCJleHAiOjE1OTI1NTgyOTF9.JL1nPkWejuPFNefe_pRUwdw2fntk0Sm-BueooBgaHbk","type":"text"},{"key":"outletID","value":"a0L0T000000CcS8UAK","type":"text"}],"body":{"mode":"raw","raw":"","options":{"raw":{}}},"url":{"raw":"https://uat-x-tlc-hotel-api.sg-s1.cloudhub.io/api/reservations/a0x0T0000005XorQAE","protocol":"https","host":["uat-x-tlc-hotel-api","sg-s1","cloudhub","io"],"path":["api","reservations","a0x0T0000005XorQAE"]}},"response":[]},{"name":"https://uat-x-tlc-hotel-api.sg-s1.cloudhub.io/api/account?accountId=108503","_postman_id":"b4ba6f79-32a4-4261-8024-761dc14c5fff","protocolProfileBehavior":{"disableBodyPruning":true},"request":{"method":"GET","header":[{"key":"Accept","value":" application/json, text/plain, */*","type":"text"},{"key":"Accept-Encoding","value":" gzip, deflate, br","type":"text"},{"key":"Accept-Language","value":" en-GB,en-US;q=0.9,en;q=0.8","type":"text"},{"key":"appid","value":" com.tlcgroup.cm_h","type":"text"},{"key":"client_id","value":"HDRDGHTYUIKIOKSAAASS","type":"text"},{"key":"client_secret","value":"HDRDGHTYUIKIOKSAAASS","type":"text"},{"key":"Connection","value":" keep-alive","type":"text"},{"key":"Content-Type","value":" application/json","type":"text"},{"key":"Country","value":" IN","type":"text"},{"key":"Language","value":" en","type":"text"},{"key":"Origin","value":" http://localhost:8100","type":"text"},{"key":"program_id","value":" TLC_MAR_CLMA","type":"text"},{"key":"Referer","value":" http://localhost:8100/welcome-page","type":"text"},{"key":"Sec-Fetch-Dest","value":" empty","type":"text"},{"key":"Sec-Fetch-Mode","value":" cors","type":"text"},{"key":"Sec-Fetch-Site","value":" cross-site","type":"text"},{"key":"subProgramID","value":" clubMarriot","type":"text"},{"key":"employeeID","value":"108503","type":"text"},{"key":"timezone","value":" -330","type":"text"},{"key":"uuid","value":"WW12345678","type":"text"},{"key":"csrftoken","value":"072963dc-d400-4919-9b76-1e8df552befa","type":"text"},{"key":"SessionIDToken","value":"eyJhbGciOiJIUzI1NiIsInR5cCI6IkpXVCJ9.eyJkZXZpY2VVVUlEIjoiV1cxMjM0NTY3OCIsIm1lbWJlcl9pZCI6IjEwODUwMyIsInBlcm1pc3Npb25zIjp7fSwiaWF0IjoxNTg5OTY2MjkxLCJleHAiOjE1OTI1NTgyOTF9.JL1nPkWejuPFNefe_pRUwdw2fntk0Sm-BueooBgaHbk","type":"text"},{"key":"outletID","value":"a0L0T000000CcS8UAK","type":"text"}],"url":{"raw":"https://uat-x-tlc-hotel-api.sg-s1.cloudhub.io/api/account?accountId=108503","protocol":"https","host":["uat-x-tlc-hotel-api","sg-s1","cloudhub","io"],"path":["api","account"],"query":[{"key":"accountId","value":"108503"}]}},"response":[]},{"name":"https://uat-x-tlc-hotel-api.sg-s1.cloudhub.io/api/topspenders","_postman_id":"1e28558b-4c36-425f-b935-8116af3bde92","protocolProfileBehavior":{"disableBodyPruning":true},"request":{"method":"GET","header":[{"key":"Accept-Language","value":" en-GB,en-US;q=0.9,en;q=0.8","type":"text"},{"key":"appid","value":" com.tlcgroup.cm_h","type":"text"},{"key":"client_id","value":"HDRDGHTYUIKIOKSAAASS","type":"text"},{"key":"client_secret","value":"HDRDGHTYUIKIOKSAAASS","type":"text"},{"key":"Connection","value":" keep-alive","type":"text"},{"key":"Content-Type","value":" application/json","type":"text"},{"key":"Country","value":" IN","type":"text"},{"key":"Language","value":" en","type":"text"},{"key":"program_id","value":" TLC_MAR_CLMA","type":"text"},{"key":"Sec-Fetch-Dest","value":" empty","type":"text"},{"key":"Sec-Fetch-Mode","value":" cors","type":"text"},{"key":"Sec-Fetch-Site","value":" cross-site","type":"text"},{"key":"subProgramID","value":" clubMarriot","type":"text"},{"key":"employeeID","value":"109304","type":"text"},{"key":"timezone","value":" -330","type":"text"},{"key":"uuid","value":"WW12345678","type":"text"},{"key":"csrftoken","value":"be93c0e1-b94b-4f48-84aa-7ead02806dab","type":"text"},{"key":"SessionIDToken","value":"eyJhbGciOiJIUzI1NiIsInR5cCI6IkpXVCJ9.eyJkZXZpY2VVVUlEIjoiV1cxMjM0NTY3OCIsIm1lbWJlcl9pZCI6IjEwOTMwNCIsInBlcm1pc3Npb25zIjp7fSwiaWF0IjoxNTkxMzUyMjQzLCJleHAiOjE1OTM5NDQyNDN9.hDtEAvVWbEV_8LHkpEjRZ5UdV3DnchHF-buO3947y3c","type":"text"},{"key":"outletID","value":"a0L0T000000CcSIUA0","type":"text"}],"url":{"raw":"https://uat-x-tlc-hotel-api.sg-s1.cloudhub.io/api/topspenders?limit=2","protocol":"https","host":["uat-x-tlc-hotel-api","sg-s1","cloudhub","io"],"path":["api","topspenders"],"query":[{"key":"limit","value":"2"}]}},"response":[]},{"name":"https://uat-x-tlc-hotel-api.sg-s1.cloudhub.io/api/details?uniqueIdentifier=12891255&offerType=Card","_postman_id":"19ace73f-5259-4a38-8457-4062573b5c1b","protocolProfileBehavior":{"disableBodyPruning":true},"request":{"method":"GET","header":[{"key":"AppID","value":"com.tlcgroup.cm_h","type":"text"},{"key":"program_id","value":"TLC_MAR_CLMA","type":"text"},{"key":"client_secret","value":"HDRDGHTYUIKIOKSAAASS","type":"text"},{"key":"client_id","value":"HDRDGHTYUIKIOKSAAASS","type":"text"},{"key":"Content-Type","value":"application/json","type":"text"},{"key":"UUID","value":"WW12345678","type":"text"},{"key":"csrftoken","value":"99d3a8f6-f7fc-40b0-abeb-290d0c2371d7","type":"text"},{"key":"SessionIDToken","value":"eyJhbGciOiJIUzI1NiIsInR5cCI6IkpXVCJ9.eyJkZXZpY2VVVUlEIjoiV1cxMjM0NTY3OCIsIm1lbWJlcl9pZCI6IjEwOTI5MyIsInBlcm1pc3Npb25zIjp7fSwiaWF0IjoxNTkwNTgyNjU0LCJleHAiOjE1OTMxNzQ2NTR9.PI-oIeDgf6g7epq1JkFxAsW15SmYg6_CZITPS7dudT0","type":"text"},{"key":"employeeID","value":"109293","type":"text"},{"key":"outletID","value":"a0L0T000000Ce0yUAC","type":"text"}],"url":{"raw":"https://uat-x-tlc-hotel-api.sg-s1.cloudhub.io/api/details?uniqueIdentifier=12891255&offerType=Card","protocol":"https","host":["uat-x-tlc-hotel-api","sg-s1","cloudhub","io"],"path":["api","details"],"query":[{"key":"uniqueIdentifier","value":"12891255"},{"key":"offerType","value":"Card"}]}},"response":[]},{"name":"https://uat-x-tlc-hotel-api.sg-s1.cloudhub.io/api/outlet/a0L0T000000CcSIUA0/misreports?mistype=MTD","_postman_id":"c2c06cf3-7bc1-47ef-a3aa-07630d9f95e7","protocolProfileBehavior":{"disableBodyPruning":true},"request":{"method":"GET","header":[{"key":"AppID","value":"com.tlcgroup.cm_h","type":"text"},{"key":"program_id","value":"TLC_MAR_CLMA","type":"text"},{"key":"client_secret","value":"HDRDGHTYUIKIOKSAAASS","type":"text"},{"key":"client_id","value":"HDRDGHTYUIKIOKSAAASS","type":"text"},{"key":"Content-Type","value":"application/json","type":"text"},{"key":"UUID","value":"WW12345678","type":"text"},{"key":"csrftoken","value":"f2c71683-8ba7-482d-aecd-6e07674d6fce","type":"text"},{"key":"SessionIDToken","value":"eyJhbGciOiJIUzI1NiIsInR5cCI6IkpXVCJ9.eyJkZXZpY2VVVUlEIjoiV1cxMjM0NTY3OCIsIm1lbWJlcl9pZCI6IjEwOTI5MyIsInBlcm1pc3Npb25zIjp7fSwiaWF0IjoxNTkwNTg3MzUxLCJleHAiOjE1OTMxNzkzNTF9.KMfiORZWOx02R0riorthckx63XT96ayt2JVdn75wpt0","type":"text"},{"key":"employeeID","value":"109293","type":"text"},{"key":"Language","value":" en","type":"text"},{"key":"outletId","value":"a0L0T000000CcSIUA0","type":"text"}],"url":{"raw":"https://uat-x-tlc-hotel-api.sg-s1.cloudhub.io/api/outlet/a0L0T000000CcSIUA0/misreports?mistype=MTD","protocol":"https","host":["uat-x-tlc-hotel-api","sg-s1","cloudhub","io"],"path":["api","outlet","a0L0T000000CcSIUA0","misreports"],"query":[{"key":"mistype","value":"MTD"}]}},"response":[]},{"name":"https://uat-x-tlc-hotel-api.sg-s1.cloudhub.io/api/reservations?searchText=&bucketNo=1&bucketSize=200&startDate=2020-04-04&endDate=2020-06-17&status=IP","_postman_id":"e58d91d5-1b26-4da4-b824-ec1e40ee6469","protocolProfileBehavior":{"disableBodyPruning":true},"request":{"method":"GET","header":[{"key":"AppID","value":"com.tlcgroup.cm_h","type":"text"},{"key":"program_id","value":"TLC_MAR_CLMA","type":"text"},{"key":"client_secret","value":"HDRDGHTYUIKIOKSAAASS","type":"text"},{"key":"client_id","value":"HDRDGHTYUIKIOKSAAASS","type":"text"},{"key":"Content-Type","value":"application/json","type":"text"},{"key":"UUID","value":"WW12345678","type":"text"},{"key":"csrftoken","value":"3d4a6433-6d6e-4ee2-b0d7-9b0d548d04db","type":"text"},{"key":"SessionIDToken","value":"eyJhbGciOiJIUzI1NiIsInR5cCI6IkpXVCJ9.eyJkZXZpY2VVVUlEIjoiV1cxMjM0NTY3OCIsIm1lbWJlcl9pZCI6IjEwODA3NyIsInBlcm1pc3Npb25zIjp7fSwiaWF0IjoxNTkwNTAyMDYxLCJleHAiOjE1OTMwOTQwNjF9.a-2wIp94bnU-g_l-iQidPzwnM1Dqh2S6qUmESVoQC0Q","type":"text"},{"key":"employeeID","value":"108077","type":"text"},{"key":"outletId","value":"0010T000004WTHwQAO","type":"text"}],"url":{"raw":"https://uat-x-tlc-hotel-api.sg-s1.cloudhub.io/api/reservations?searchText=&bucketNo=1&bucketSize=200&startDate=2020-04-04&endDate=2020-06-17&status=IP","protocol":"https","host":["uat-x-tlc-hotel-api","sg-s1","cloudhub","io"],"path":["api","reservations"],"query":[{"key":"searchText","value":""},{"key":"bucketNo","value":"1"},{"key":"bucketSize","value":"200"},{"key":"startDate","value":"2020-04-04"},{"key":"endDate","value":"2020-06-17"},{"key":"status","value":"IP"}]}},"response":[]},{"name":"https://uat-x-tlc-hotel-api.sg-s1.cloudhub.io/api/outlets/a0R6D000004uwbPUAQ/reservations/paxcount?reservationdate=2020-06-14","_postman_id":"1743226f-c033-4d2a-9fac-ab632ff9ce2d","protocolProfileBehavior":{"disableBodyPruning":true},"request":{"method":"GET","header":[{"key":"AppID","value":"com.tlcgroup.cm_h","type":"text"},{"key":"program_id","value":"TLC_MAR_CLMA","type":"text"},{"key":"client_secret","value":"HDRDGHTYUIKIOKSAAASS","type":"text"},{"key":"client_id","value":"HDRDGHTYUIKIOKSAAASS","type":"text"},{"key":"Content-Type","value":"application/json","type":"text"},{"key":"UUID","value":"WW12345678","type":"text"},{"key":"csrftoken","value":"8c91ac89-b7a6-496a-bfbd-c2665482770b","type":"text"},{"key":"SessionIDToken","value":"eyJhbGciOiJIUzI1NiIsInR5cCI6IkpXVCJ9.eyJkZXZpY2VVVUlEIjoiV1cxMjM0NTY3OCIsIm1lbWJlcl9pZCI6IjEwODA3NyIsInBlcm1pc3Npb25zIjp7fSwiaWF0IjoxNTkwNTAyMDYxLCJleHAiOjE1OTMwOTQwNjF9.a-2wIp94bnU-g_l-iQidPzwnM1Dqh2S6qUmESVoQC0Q","type":"text"},{"key":"employeeID","value":"108077","type":"text"},{"key":"outletID","value":"a0R6D000004uwbPUAQ","type":"text"}],"url":{"raw":"https://uat-x-tlc-hotel-api.sg-s1.cloudhub.io/api/outlets/a0R6D000004uwbPUAQ/reservations/paxcount?reservationdate=2020-06-14","protocol":"https","host":["uat-x-tlc-hotel-api","sg-s1","cloudhub","io"],"path":["api","outlets","a0R6D000004uwbPUAQ","reservations","paxcount"],"query":[{"key":"reservationdate","value":"2020-06-14"}]}},"response":[]}]}